<?xml version="1.0"?>
<config xmlns:xsi="http://www.w3.org/2001/XMLSchema-instance" xsi:noNamespaceSchemaLocation="urn:magento:module:Magento_Config:etc/system_file.xsd">
    <system>
        <tab id="durmmond_cart" translate="label" sortOrder="10">
            <label>Drummond Cart Rules</label>
        </tab>
        <section id="durmmond_rules" translate="label" sortOrder="130" showInDefault="1" showInWebsite="1" showInStore="1">
            <class>separator-top</class>
            <label>Drummond Cart Rules</label>
            <tab>durmmond_cart</tab>
            <resource>Expia_Customcartpricerule::expia_config</resource>
            <group id="general" translate="label" type="text" sortOrder="10" showInDefault="1" showInWebsite="0" showInStore="0">
                <label>Drummond Cart Rules</label>
                <field id="enable" translate="label" type="select" sortOrder="1" showInDefault="1" showInWebsite="0" showInStore="0">
                    <label>Module Enable</label>
                    <source_model>Magento\Config\Model\Config\Source\Yesno</source_model>
                </field>
                <field id="glove_ids" translate="label" type="text" sortOrder="1" showInDefault="1" showInWebsite="0" showInStore="0">
                    <label>Insert Glove category Ids</label>
                    <comment>Purchase any Glove and get a 2nd for 40% off </comment>
                    <depends>
                            <field id="durmmond_rules/general/enable">1</field>
                    </depends>
                </field>
                 <field id="bottoms_ids" translate="label" type="text" sortOrder="1" showInDefault="1" showInWebsite="0" showInStore="0">
                    <label>Insert bottoms category Ids</label>
                    <comment>Purchase any bottoms (Pants, Shorts, Skirts or Skorts) and get 2nd at 40% off</comment>
                    <depends>
                            <field id="durmmond_rules/general/enable">1</field>
                    </depends>
                </field>
            </group>
        </section>
    </system>
</config>