<?xml version="1.0" encoding="UTF-8"?>

<config xmlns:xsi="http://www.w3.org/2001/XMLSchema-instance" xsi:noNamespaceSchemaLocation="../../../../../../lib/internal/Magento/Framework/Event/etc/events.xsd">
    <!--  <type name="Magento\SalesRule\Model\Rule\Metadata\ValueProvider">
     <plugin name="salesrule-plugin" type="Expia\Customcartpricerule\Plugin\Rule\Metadata\ValueProvider" sortOrder="1" />
        </type> -->
         <type name="Expia\Customcartpricerule\Model\Rule\Condition\Purchaseany">
        <arguments>
            <argument name="data" xsi:type="array">
                <item name="form_name" xsi:type="string">sales_rule_form</item>
            </argument>
        </arguments>
    </type>
</config>
